asset,annualized_return,annualized_volatility,sharpe,max_drawdown,daily_skew,daily_kurtosis,min_daily_return,max_daily_return
XLB,0.08554091822212495,0.20863696012511057,0.40999887158454457,-0.3727418713130283,-0.27787255531551674,6.8454209265196235,-0.11008379000574486,0.11760096904920392
XLE,0.05975822124698338,0.27437135018891773,0.21780051454292512,-0.7126278006583628,-0.383452436422466,13.006923111288948,-0.2014114649295985,0.16037360886222207
XLF,0.11787141111179156,0.22137900906894264,0.5324416782220017,-0.42862532367901796,-0.2232664182818774,11.38959908573127,-0.13709330406514764,0.13156561315201354
XLI,0.1295336405371854,0.19447412353461765,0.6660713424638605,-0.4233408641445159,-0.32282369461725796,10.40036065212897,-0.11344143502417126,0.12651192880891426
XLK,0.18250948486297425,0.21288964087338383,0.8572962221845346,-0.3355905914067028,-0.22171529037569973,8.771979143803296,-0.1381398201496239,0.11731903803473953
XLP,0.10420124572372025,0.13705124007328373,0.7603086675319537,-0.24512264129527228,-0.297830188268187,13.833900424937958,-0.09395621950085864,0.08510646919453113
XLU,0.09903611465470252,0.17588072723372863,0.5630867930349925,-0.36066774032718096,-0.0019553063365367954,15.796048930103098,-0.11357726161542081,0.1279343805019706
XLV,0.12212572418228507,0.16094096387132134,0.7588231190160475,-0.2840431565005892,-0.26921553825831107,7.764172097815769,-0.09861004150759956,0.07705720975122543
XLY,0.15821645145800933,0.20055653780151017,0.7888870300234011,-0.39669564843317495,-0.5535541747244711,7.436544214885406,-0.12668643110093825,0.09379631644336572
