,EqualWeight_weekly,Markowitz_CVXPY_weekly,HMM_MPC_CVXPY_weekly
EqualWeight_weekly,1.0,0.9144864384992196,0.9195377566860802
Markowitz_CVXPY_weekly,0.9144864384992196,1.0,0.9888865743810861
HMM_MPC_CVXPY_weekly,0.9195377566860802,0.9888865743810861,1.0
