strategy,avg_hhi,avg_XLB,avg_XLE,avg_XLF,avg_XLI,avg_XLK,avg_XLP,avg_XLU,avg_XLV,avg_XLY,final_XLB,final_XLE,final_XLF,final_XLI,final_XLK,final_XLP,final_XLU,final_XLV,final_XLY
EqualWeight_weekly,0.11112975122434093,0.11103924001365377,0.11105470038753631,0.11112160187602399,0.11110172350625824,0.11125616222434435,0.11109249628061152,0.11105935933074079,0.11109706503870218,0.11117765134212848,0.1114911159503286,0.1124983852813063,0.1111555969604742,0.1109059339758517,0.1101171207400641,0.1113806805460382,0.1109380188085564,0.1113076289247298,0.1102055188126504
Markowitz_CVXPY_weekly,0.30718487564889047,0.0032307487918356212,0.03352592764451192,0.03403679661387176,0.008885107454060466,0.09147445389382126,0.3037054083614287,0.17857245486702736,0.23739324932860095,0.10917585304484186,0.0,0.2073492859153406,0.0,0.132643430986255,0.0491666314058852,0.3998387851345623,0.1159582668974646,0.0950435996604923,0.0
HMM_MPC_CVXPY_weekly,0.29330319135762545,0.0017750399159448683,0.03408231929194172,0.03511235238376197,0.013851775931733002,0.13108767629806772,0.295137182543542,0.17198947189838865,0.2266979915740174,0.09026619016260248,1.2623084589985257e-08,0.2174861021403994,7.594837655591893e-09,0.0156656410437533,0.2035847591626085,0.3961465901339893,0.109587167581852,0.0575297086255006,1.1093974549035164e-08
