ann_return,ann_vol,sharpe,max_drawdown,final_wealth,avg_turnover,total_cost,strategy
0.14768732243597116,0.1939487469899449,0.7614760328594846,-0.36980341776627423,2.2827939657189007,0.006887963780073313,0.002162820626943035,EqualWeight_weekly
0.09539937177427493,0.1694897613690295,0.5628621516940023,-0.3250691808239021,1.7263182340771783,0.03218228621161979,0.010105237870448262,Markowitz_CVXPY_weekly
0.09926631634913896,0.1755281354042732,0.5655293729436058,-0.32652073513497226,1.7631583151403079,0.01682860145570686,0.008363360299914599,HMM_MPC_CVXPY_weekly
