comparison,ann_return_diff,ann_vol_diff,sharpe_diff,max_drawdown_diff,final_wealth_ratio,avg_turnover_diff,total_cost_diff
tuned minus HMM_MPC_CVXPY_weekly,0.042529899214784006,0.00863914343654465,0.20440226994330646,0.001895513699924689,1.2540827119125002,0.0007855363181517167,-0.004951089771041311
tuned minus EqualWeight_weekly,-0.005891106872048191,-0.00978146814912706,0.008455610027427674,0.04517819633122666,0.9686140731872378,0.010726173993785264,0.0012494499019302524
