asset,annualized_return,annualized_volatility,sharpe,max_drawdown,daily_skew,daily_kurtosis,min_daily_return,max_daily_return
XLB,0.0855409182221249,0.2086369601251105,0.4099988715845445,-0.3727418713130283,-0.2778725553155167,6.845420926519624,-0.1100837900057448,0.1176009690492039
XLE,0.0597582212469833,0.2743713501889177,0.2178005145429251,-0.7126278006583628,-0.383452436422466,13.006923111288948,-0.2014114649295985,0.160373608862222
XLF,0.1178714111117915,0.2213790090689426,0.5324416782220017,-0.4286253236790179,-0.2232664182818774,11.38959908573127,-0.1370933040651476,0.1315656131520135
XLI,0.1295336405371854,0.1944741235346176,0.6660713424638605,-0.4233408641445159,-0.3228236946172579,10.40036065212897,-0.1134414350241712,0.1265119288089142
XLK,0.1825094848629742,0.2128896408733838,0.8572962221845346,-0.3355905914067028,-0.2217152903756997,8.771979143803296,-0.1381398201496239,0.1173190380347395
XLP,0.1042012457237202,0.1370512400732837,0.7603086675319537,-0.2451226412952722,-0.297830188268187,13.833900424937958,-0.0939562195008586,0.0851064691945311
XLU,0.0990361146547025,0.1758807272337286,0.5630867930349925,-0.3606677403271809,-0.0019553063365367,15.796048930103098,-0.1135772616154208,0.1279343805019706
XLV,0.122125724182285,0.1609409638713213,0.7588231190160475,-0.2840431565005892,-0.269215538258311,7.764172097815769,-0.0986100415075995,0.0770572097512254
XLY,0.1582164514580093,0.2005565378015101,0.7888870300234011,-0.3966956484331749,-0.5535541747244711,7.436544214885406,-0.1266864311009382,0.0937963164433657
